Workbook

Sheet Quality Objective
B1: Republic of the Philippines
B2: CATANDUANES STATE UNIVERSITY | N2: Semiannual Period | O2: Actual | P2: Target
B3: Virac, Catanduanes | N3: 1st Semi-Annually (January-June) | O3: 0 | P3: 1
A4: Information and Communications Technology (ICT) Unit | N4: 2nd Semi-Annually (July-December) | O4: 0.059259259 | P4: 1
A5: QUALITY OBJECTIVE MONITORING SUPPORTING SCHEDULE
A6: For 2nd Semi-Annually (July-December), CY 2026
A7: Quality Objective No. I: Ensure efficient maintenance of IT equipment and peripherals
A8: Target: 90%
A10: Office / Unit | B10: Target no. of computers / peripherals for check-up / maintenance | C10: Condemned ICT equipment returned to Supply | D10: Unserviceable equipment (Not in Use / Repair) | E10: Additional computers / peripherals (New) | F10: Actual no. of computers / peripherals maintained | G10: Transferred computers IN | H10: Transferred computers OUT | I10: Date maintenance conducted | J10: Remarks | K10: Complied | L10: Not Complied
A11: CHS | B11: 7 | C11: 0 | D11: 0 | E11: 0 | F11: 0 | G11: 0 | H11: 3 | K11: =IFERROR(IF(F11/B11>=90%,"✓",""),"") -> 0 | L11: =IFERROR(IF(F11/B11<90%,"X",""),"") -> 0
A12: COED - Lab-School | B12: 4 | C12: 1 | D12: 1 | E12: 0 | F12: 0 | G12: 2 | H12: 0 | K12: =IFERROR(IF(F12/B12>=90%,"✓",""),"") -> 0 | L12: =IFERROR(IF(F12/B12<90%,"X",""),"") -> 0
A13: COED - COED-Faculty Office | B13: 9 | C13: 0 | D13: 0 | E13: 0 | F13: 0 | G13: 0 | H13: 0 | K13: =IFERROR(IF(F13/B13>=90%,"✓",""),"") -> 0 | L13: =IFERROR(IF(F13/B13<90%,"X",""),"") -> 0
A14: COED - COED-Dean's Office | B14: 0 | C14: 0 | D14: 0 | E14: 0 | F14: 0 | G14: 0 | H14: 0 | J14: No eligible Desktop/Laptop equipment is currently assigned to this PM Plan target. | K14: =IFERROR(IF(F14/B14>=90%,"✓",""),"") -> 0 | L14: =IFERROR(IF(F14/B14<90%,"X",""),"") -> 0
A15: COS - COS-Faculty Office | B15: 9 | C15: 0 | D15: 0 | E15: 0 | F15: 0 | G15: 0 | H15: 0 | K15: =IFERROR(IF(F15/B15>=90%,"✓",""),"") -> 0 | L15: =IFERROR(IF(F15/B15<90%,"X",""),"") -> 0
A16: CHUMSS - CHUMSS-Dean's Office | B16: 5 | C16: 0 | D16: 0 | E16: 0 | F16: 0 | G16: 0 | H16: 0 | K16: =IFERROR(IF(F16/B16>=90%,"✓",""),"") -> 0 | L16: =IFERROR(IF(F16/B16<90%,"X",""),"") -> 0
A17: CHUMSS - CHUMSS-Faculty Office | B17: 4 | C17: 1 | D17: 0 | E17: 0 | F17: 4 | G17: 0 | H17: 0 | I17: 07/31/2026 | J17: nfndtnrn Rescheduled due to: jdfk | K17: =IFERROR(IF(F17/B17>=90%,"✓",""),"") -> 0 | L17: =IFERROR(IF(F17/B17<90%,"X",""),"") -> 0
A18: CAF | B18: 6 | C18: 0 | D18: 0 | E18: 0 | F18: 0 | G18: 0 | H18: 0 | K18: =IFERROR(IF(F18/B18>=90%,"✓",""),"") -> 0 | L18: =IFERROR(IF(F18/B18<90%,"X",""),"") -> 0
A19: CAF - CAF-Faculty Office | B19: 6 | C19: 0 | D19: 0 | E19: 0 | F19: 0 | G19: 0 | H19: 0 | K19: =IFERROR(IF(F19/B19>=90%,"✓",""),"") -> 0 | L19: =IFERROR(IF(F19/B19<90%,"X",""),"") -> 0
A20: CAF - CAF-Dean's Office | B20: 0 | C20: 0 | D20: 0 | E20: 0 | F20: 0 | G20: 0 | H20: 0 | J20: No eligible Desktop/Laptop equipment is currently assigned to this PM Plan target. | K20: =IFERROR(IF(F20/B20>=90%,"✓",""),"") -> 0 | L20: =IFERROR(IF(F20/B20<90%,"X",""),"") -> 0
A21: COL | B21: 7 | C21: 0 | D21: 0 | E21: 0 | F21: 0 | G21: 0 | H21: 0 | K21: =IFERROR(IF(F21/B21>=90%,"✓",""),"") -> 0 | L21: =IFERROR(IF(F21/B21<90%,"X",""),"") -> 0
A22: GS | B22: 12 | C22: 0 | D22: 0 | E22: 0 | F22: 0 | G22: 0 | H22: 0 | K22: =IFERROR(IF(F22/B22>=90%,"✓",""),"") -> 0 | L22: =IFERROR(IF(F22/B22<90%,"X",""),"") -> 0
A23: GS - GS-Dean's Office | B23: 12 | C23: 0 | D23: 0 | E23: 0 | F23: 0 | G23: 0 | H23: 0 | K23: =IFERROR(IF(F23/B23>=90%,"✓",""),"") -> 0 | L23: =IFERROR(IF(F23/B23<90%,"X",""),"") -> 0
A24: GS - GS-Dean's Office | B24: 12 | C24: 0 | D24: 0 | E24: 0 | F24: 0 | G24: 0 | H24: 0 | K24: =IFERROR(IF(F24/B24>=90%,"✓",""),"") -> 0 | L24: =IFERROR(IF(F24/B24<90%,"X",""),"") -> 0
A25: ADMIN - TPC | B25: 19 | C25: 0 | D25: 0 | E25: 0 | F25: 0 | G25: 0 | H25: 0 | K25: =IFERROR(IF(F25/B25>=90%,"✓",""),"") -> 0 | L25: =IFERROR(IF(F25/B25<90%,"X",""),"") -> 0
A26: ADMIN - AAA | B26: 6 | C26: 0 | D26: 0 | E26: 0 | F26: 4 | G26: 0 | H26: 0 | I26: 08/01/2026, 08/02/2026, 08/04/2026, 08/05/2026 | K26: =IFERROR(IF(F26/B26>=90%,"✓",""),"") -> 0 | L26: =IFERROR(IF(F26/B26<90%,"X",""),"") -> 0
A27: ADMIN - ACCOUNTING UNIT | B27: 17 | C27: 0 | D27: 0 | E27: 0 | F27: 0 | G27: 0 | H27: 0 | K27: =IFERROR(IF(F27/B27>=90%,"✓",""),"") -> 0 | L27: =IFERROR(IF(F27/B27<90%,"X",""),"") -> 0
A29: No. of IT equipment / peripherals checked | B29: =SUM(F11:F27) -> 0
A30: Total IT equipment / peripherals to be checked / maintained | B30: =SUM(B11:B27) -> 0
A31: Percentage of Accomplishment | B31: =IFERROR(IF(B29/B30>=90%,"100%",""),"") -> 0
A33: Prepared by: | I33: Certified correct:
A34: JENNY Z. DE LEON | I34: JAY-R R. REDITA, MIT
A35: Administrative Aide VI | I35: ITO I, ICT Unit
A36: CatSU-F-PMC-01C | E36: Rev. 2 | I36: Effectivity Date: March 10, 2025

Sheet Performance Graph
B1: Republic of the Philippines
B2: CATANDUANES STATE UNIVERSITY
B3: Virac, Catanduanes
A4: Information and Communications Technology (ICT) Unit
A5: Preventive Maintenance Quality Objective Performance
A6: Semiannual period | B6: Actual | C6: Target
A7: ='Quality Objective'!N3 -> 0 | B7: ='Quality Objective'!O3 -> 0 | C7: ='Quality Objective'!P3 -> 0
A8: ='Quality Objective'!N4 -> 0 | B8: ='Quality Objective'!O4 -> 0 | C8: ='Quality Objective'!P4 -> 0
A10: Actual maintained is linked to PM Plan checklist progress. Condemned equipment is excluded.
A22: Prepared by: | I22: Certified correct:
A23: JENNY Z. DE LEON | I23: JAY-R R. REDITA, MIT
A24: Administrative Aide VI | I24: ITO I, ICT Unit
A25: CatSU-F-PMC-01C | E25: Rev. 2 | I25: Effectivity Date: March 10, 2025
